ZIP,total_evs,total_charging_stations,median_income,evs_per_station
98052,6807.0,101.0,120.1034876,66.73529411764706
98012,5397.0,5.0,81.71198435,899.5
98033,4603.0,37.0,149.7926526,121.13157894736842
98006,4377.0,5.0,144.348531,729.5
98004,4058.0,289.0,232.6557565,13.993103448275862
98115,3950.0,5.0,100.7467087,658.3333333333334
98074,3665.0,4.0,166.4153513,733.0
98072,3573.0,19.0,112.4042975,178.65
98034,3519.0,30.0,84.52172511,113.51612903225806
98040,3196.0,5.0,249.8815271,532.6666666666666
98075,3128.0,5.0,176.3559039,521.3333333333334
98103,3082.0,24.0,85.42767318,123.28
98021,3042.0,5.0,86.8690407,507.0
98188,2953.0,34.0,43.71769912,84.37142857142857
98059,2933.0,2.0,87.89628123,977.6666666666666
98029,2861.0,11.0,118.7589571,238.41666666666666
98501,2824.0,20.0,64.92450928,134.47619047619048
98117,2625.0,4.0,93.9535877,525.0
98053,2564.0,2.0,164.3763521,854.6666666666666
98607,2503.0,10.0,101.7089046,227.54545454545453
98027,2480.0,25.0,110.8965443,95.38461538461539
98110,2469.0,9.0,132.3692308,246.9
98038,2396.0,1.0,87.87348742,1198.0
98258,2360.0,8.0,66.96072134,262.22222222222223
98008,2330.0,6.0,107.2863561,332.85714285714283
98391,2323.0,6.0,73.89763817,331.85714285714283
98042,2237.0,3.0,71.04035332,559.25
98118,2226.0,8.0,56.95778073,247.33333333333334
98125,2204.0,14.0,64.3982,146.93333333333334
98133,2184.0,17.0,55.06720631,121.33333333333333
98105,2094.0,24.0,108.5212338,83.76
98005,2060.0,76.0,130.2840212,26.753246753246753
98112,1996.0,6.0,202.574526,285.14285714285717
98208,1973.0,3.0,62.44006359,493.25
98058,1954.0,4.0,67.77115104,390.8
98109,1935.0,188.0,108.8438562,10.238095238095237
98011,1932.0,25.0,80.98825043,74.3076923076923
98056,1915.0,4.0,72.25529899,383.0
98155,1912.0,4.0,73.53375358,382.4
98026,1895.0,9.0,72.73132791,189.5
98682,1880.0,2.0,51.66163216,626.6666666666666
98087,1848.0,2.0,55.89572262,616.0
98036,1839.0,7.0,61.41713014,229.875
98296,1828.0,1.0,93.58477331,914.0
98122,1806.0,20.0,77.25699641,86.0
98144,1759.0,11.0,76.60438247,146.58333333333334
98199,1736.0,2.0,130.7781505,578.6666666666666
98270,1711.0,4.0,55.42992799,342.2
98092,1675.0,2.0,68.63406537,558.3333333333334
98177,1651.0,1.0,120.1930867,825.5
98116,1641.0,9.0,98.37759883,164.1
98031,1639.0,0.0,54.23548387,1639.0
98028,1581.0,2.0,86.92906867,527.0
98229,1569.0,16.0,67.14788434,92.29411764705883
98225,1530.0,54.0,52.09782383,27.818181818181817
98107,1528.0,9.0,77.42486188,152.8
98226,1519.0,25.0,59.43248705,58.42307692307692
98007,1502.0,16.0,79.97310178,88.3529411764706
98642,1499.0,21.0,84.18832685,68.13636363636364
98290,1498.0,4.0,73.1078329,299.6
98335,1481.0,12.0,96.13082822,113.92307692307692
98023,1450.0,0.0,59.81981506,1450.0
98104,1393.0,36.0,98.65607903,37.648648648648646
98502,1348.0,16.0,65.5995149,79.29411764705883
98119,1339.0,32.0,111.5524498,40.57575757575758
98065,1333.0,6.0,122.3127946,190.42857142857142
98272,1329.0,3.0,64.51567797,332.25
98037,1301.0,6.0,56.02896979,185.85714285714286
98685,1256.0,3.0,81.0411147,314.0
98516,1251.0,29.0,66.75277778,41.7
98001,1243.0,11.0,61.28149633,103.58333333333333
98275,1214.0,1.0,92.99295775,607.0
98370,1214.0,25.0,69.51911765,46.69230769230769
99352,1199.0,19.0,80.07645074,59.95
98374,1191.0,3.0,64.18774539,297.75
98106,1182.0,11.0,50.07752,98.5
98126,1179.0,1.0,70.93753425,589.5
98020,1171.0,9.0,110.4645463,117.1
98121,1169.0,179.0,128.0871005,6.4944444444444445
99301,1163.0,25.0,49.98381331,44.73076923076923
98332,1160.0,2.0,101.4297258,386.6666666666667
98045,1127.0,5.0,86.59246862,187.83333333333334
98168,1126.0,8.0,42.13534938,125.11111111111111
98367,1124.0,2.0,62.6925,374.6666666666667
98136,1120.0,3.0,104.9786052,280.0
98102,1118.0,19.0,94.8156801,55.9
98683,1118.0,7.0,68.59408602,139.75
98148,1093.0,8.0,47.45868263,121.44444444444444
98661,1067.0,16.0,56.41247423,62.76470588235294
98221,1059.0,13.0,79.13936862,75.64285714285714
98513,1040.0,10.0,57.04855608,94.54545454545455
98604,1024.0,4.0,66.89598125,204.8
98032,1021.0,7.0,50.86722325,127.625
98223,1017.0,18.0,61.33426758,53.526315789473685
98108,1015.0,17.0,50.01273345,56.388888888888886
98057,1015.0,21.0,56.10805755,46.13636363636363
98055,1006.0,11.0,56.38489536,83.83333333333333
98312,1001.0,8.0,52.39551331,111.22222222222223
98503,986.0,13.0,49.01632065,70.42857142857143
98146,986.0,5.0,57.92258806,164.33333333333334
98203,986.0,5.0,59.0541692,164.33333333333334
98003,980.0,13.0,48.44171149,70.0
98030,978.0,2.0,47.54037736,326.0
98178,974.0,1.0,51.03735537,487.0
98686,968.0,3.0,70.08942421,242.0
98671,959.0,14.0,69.64711246,63.93333333333333
98198,957.0,7.0,52.88813559,119.625
98019,954.0,0.0,92.47462406,954.0
99208,947.0,5.0,59.30595611,157.83333333333334
98166,939.0,2.0,78.81988899,313.0
98368,934.0,12.0,57.92727273,71.84615384615384
98512,928.0,8.0,60.10270068,103.11111111111111
98662,920.0,12.0,53.36255956,70.76923076923077
98382,919.0,10.0,56.43348315,83.54545454545455
98070,883.0,3.0,83.93590734,220.75
98422,876.0,2.0,78.96291322,292.0
98407,865.0,5.0,73.59356725,144.16666666666666
98366,863.0,6.0,53.19469848,123.28571428571429
98466,857.0,2.0,61.63783576,285.6666666666667
98134,854.0,26.0,124.1677966,31.62962962962963
98684,849.0,34.0,54.89723975,24.257142857142856
98101,837.0,65.0,136.1487959,12.681818181818182
98204,822.0,9.0,41.44696073,82.2
98277,811.0,17.0,51.65114102,45.05555555555556
98506,791.0,0.0,59.31559322,791.0
98801,770.0,24.0,58.22573652,30.8
98665,763.0,5.0,55.71355219,127.16666666666667
98387,746.0,1.0,49.1788878,373.0
98292,726.0,1.0,68.31823417,363.0
98282,725.0,2.0,76.21212938,241.66666666666666
99223,724.0,22.0,77.07888502,31.47826086956522
98371,720.0,13.0,63.42349624,51.42857142857143
98043,716.0,3.0,50.43196262,179.0
98271,703.0,17.0,53.82908012,39.05555555555556
98230,681.0,4.0,66.51190476,136.2
98584,678.0,9.0,47.61692094,67.8
98201,672.0,13.0,48.82305901,48.0
98406,660.0,3.0,62.6668251,165.0
98664,658.0,2.0,65.32660287,219.33333333333334
98248,652.0,0.0,56.74976393,652.0
98498,644.0,0.0,57.32576832,644.0
99338,640.0,22.0,88.75874363,27.82608695652174
98311,639.0,1.0,55.26428571,319.5
99203,635.0,4.0,77.67582524,127.0
98338,633.0,1.0,59.34859574,316.5
98375,632.0,3.0,59.35129274,158.0
98372,629.0,12.0,62.48025248,48.38461538461539
99362,622.0,24.0,56.56001171,24.88
98837,620.0,7.0,49.86220204,77.5
98383,601.0,9.0,64.26772685,60.1
98010,598.0,0.0,85.51789883,598.0
98250,596.0,12.0,79.55097087,45.84615384615385
98908,591.0,8.0,74.45622394,65.66666666666667
99224,582.0,36.0,67.91862069,15.72972972972973
98273,570.0,15.0,51.6762634,35.625
98373,565.0,3.0,55.90183946,141.25
98022,549.0,4.0,65.69076774,109.8
98660,541.0,11.0,55.24105058,45.083333333333336
98632,539.0,6.0,49.93344879,77.0
98274,532.0,1.0,61.26936115,266.0
98014,525.0,1.0,95.65538922,262.5
98597,521.0,0.0,49.79803719,521.0
98445,513.0,0.0,46.63938953,513.0
99337,513.0,6.0,60.81568025,73.28571428571429
98467,511.0,0.0,65.09696093,511.0
98002,501.0,6.0,40.28285164,71.57142857142857
98404,495.0,2.0,37.01678674,165.0
98926,493.0,14.0,52.71144781,32.86666666666667
99354,490.0,56.0,63.43546454,8.596491228070175
99336,490.0,13.0,44.49226277,35.0
98802,480.0,7.0,53.28397874,60.0
98362,473.0,14.0,52.15739535,31.533333333333335
98409,460.0,23.0,37.38974122,19.166666666666668
98039,456.0,0.0,538.6402778,456.0
98321,451.0,0.0,64.04135338,451.0
98499,450.0,6.0,45.02174248,64.28571428571429
99206,448.0,7.0,50.14164589,56.0
98405,448.0,13.0,40.61243731,32.0
99163,445.0,23.0,54.01559356,18.541666666666668
99353,441.0,0.0,73.59441997,441.0
98606,440.0,0.0,84.73883721,440.0
98233,433.0,12.0,50.8650838,33.30769230769231
98826,428.0,17.0,59.27784257,23.77777777777778
98663,423.0,7.0,50.77595712,52.875
98310,411.0,1.0,45.51126126,205.5
99019,411.0,17.0,91.19515152,22.833333333333332
99016,409.0,7.0,64.47993421,51.125
98346,409.0,2.0,69.54013158,136.33333333333334
98531,408.0,8.0,42.57386254,45.333333333333336
98024,407.0,1.0,107.8971193,203.5
98284,402.0,2.0,49.8862782,134.0
98444,384.0,2.0,35.50862553,128.0
98922,383.0,5.0,65.82684825,63.833333333333336
98245,382.0,5.0,89.75811518,63.666666666666664
98329,377.0,0.0,62.37885117,377.0
99212,370.0,8.0,49.23105381,41.111111111111114
98264,366.0,2.0,61.97684675,122.0
98239,364.0,2.0,66.68259587,121.33333333333333
98532,363.0,9.0,54.58206465,36.3
98260,363.0,3.0,78.83468635,90.75
98236,361.0,0.0,75.27481752,361.0
98294,359.0,2.0,51.90590278,119.66666666666667
98424,316.0,2.0,54.37641129,105.33333333333333
98629,316.0,0.0,73.75674931,316.0
99205,315.0,4.0,39.61264904,63.0
98674,314.0,0.0,57.14086799,314.0
98672,311.0,2.0,66.40602837,103.66666666666667
98333,308.0,0.0,117.1873626,308.0
98408,305.0,2.0,41.17007874,101.66666666666667
98626,301.0,2.0,47.87061184,100.33333333333333
98249,295.0,1.0,76.98054475,147.5
98902,290.0,4.0,38.26648707,58.0
98327,282.0,2.0,66.85026316,94.0
98390,276.0,4.0,57.01577123,55.2
98520,275.0,10.0,45.80564226,25.0
98403,272.0,3.0,76.85949367,68.0
98360,272.0,0.0,60.93373083,272.0
99004,271.0,1.0,47.14540466,135.5
99202,268.0,17.0,38.20382916,14.88888888888889
98363,268.0,3.0,48.60865385,67.0
98365,266.0,2.0,88.13982684,88.66666666666667
99216,263.0,7.0,42.49844322,32.875
98528,262.0,1.0,55.3761488,131.0
98816,249.0,5.0,56.28785311,41.5
98388,244.0,1.0,71.32154341,122.0
99037,239.0,2.0,62.84655172,79.66666666666667
98569,237.0,3.0,45.83816794,59.25
98252,234.0,1.0,57.91979695,117.0
98402,233.0,28.0,58.52737643,8.03448275862069
99005,232.0,1.0,83.84643735,116.0
99201,232.0,17.0,43.73965517,12.88888888888889
98446,226.0,0.0,55.68333333,226.0
98328,223.0,0.0,61.12352941,223.0
98580,219.0,0.0,58.36338384,219.0
98901,214.0,17.0,42.43466312,11.88888888888889
99217,203.0,1.0,48.6212963,101.5
98465,199.0,1.0,56.46595745,99.5
98625,198.0,1.0,64.02517483,99.0
99218,197.0,16.0,56.66458685,11.588235294117647
98579,196.0,3.0,50.37059891,49.0
98261,193.0,4.0,80.18145161,38.6
98942,189.0,1.0,67.04607465,94.5
99207,184.0,6.0,31.07679871,26.285714285714285
98903,178.0,15.0,56.67639939,11.125
98232,175.0,1.0,76.29894737,87.5
98354,174.0,0.0,56.94922049,174.0
99026,174.0,1.0,67.04326923,87.0
98848,174.0,6.0,46.56208251,24.857142857142858
98359,173.0,0.0,64.27822222,173.0
98433,172.0,2.0,30.88650218,57.333333333333336
98439,164.0,0.0,30.39811321,164.0
98418,162.0,2.0,40.17158837,54.0
98862,159.0,6.0,65.9872,22.714285714285715
98051,155.0,0.0,80.64971098,155.0
98257,150.0,2.0,64.87512438,50.0
98337,150.0,9.0,41.49023569,15.0
98380,146.0,0.0,71.08277311,146.0
98349,144.0,0.0,53.70209424,144.0
98251,139.0,0.0,46.95577889,139.0
98611,137.0,0.0,54.57222222,137.0
98589,137.0,6.0,54.08779762,19.571428571428573
98524,135.0,0.0,63.71011905,135.0
98253,134.0,1.0,77.79673913,67.0
99021,134.0,1.0,60.36940639,67.0
98563,133.0,1.0,57.01818182,66.5
99320,128.0,1.0,56.5754386,64.0
99006,128.0,2.0,50.53280318,42.666666666666664
98823,125.0,0.0,50.8899177,125.0
98047,119.0,0.0,46.1744186,119.0
98340,118.0,0.0,71.48429752,118.0
98596,117.0,0.0,45.47741935,117.0
99324,116.0,5.0,43.17346939,19.333333333333332
99350,115.0,0.0,52.83407407,115.0
98815,114.0,0.0,52.2977492,114.0
98640,113.0,0.0,44.51142857,113.0
98944,113.0,2.0,34.87103825,37.666666666666664
98247,112.0,1.0,52.34285714,56.0
98546,112.0,0.0,61.40333333,112.0
98831,111.0,5.0,50.33290323,18.5
98443,109.0,0.0,63.3619403,109.0
99344,106.0,1.0,42.41210826,53.0
98077,104.0,0.0,160.8511475,104.0
99204,103.0,1.0,46.27968254,51.5
98392,102.0,1.0,55.79727891,51.0
98576,101.0,0.0,48.88761062,101.0
98541,99.0,1.0,47.59057592,49.5
98675,99.0,0.0,64.02201835,99.0
99403,95.0,4.0,50.58350398,19.0
98281,90.0,3.0,74.82222222,22.5
98339,90.0,1.0,47.71731844,45.0
98592,88.0,1.0,62.59052632,44.0
99022,88.0,11.0,52.60238727,7.333333333333333
98550,82.0,0.0,41.79063232,82.0
99114,82.0,5.0,48.15905512,13.666666666666666
98577,80.0,0.0,45.70464135,80.0
98244,78.0,0.0,49.6536,78.0
98303,78.0,0.0,62.41836735,78.0
98843,77.0,0.0,54.07894737,77.0
99027,77.0,1.0,54.03275862,38.5
99156,76.0,2.0,46.98919753,25.333333333333332
98648,76.0,3.0,55.10150376,19.0
98342,74.0,0.0,71.32597403,74.0
98548,74.0,0.0,49.00510204,74.0
99003,72.0,0.0,56.94122807,72.0
98557,71.0,0.0,49.79057971,71.0
98930,71.0,1.0,37.88823529,35.5
98504,70.0,1.0,,35.0
98940,70.0,0.0,,70.0
98612,70.0,2.0,54.57372881,23.333333333333332
98856,69.0,2.0,42.47777778,23.0
98358,68.0,1.0,68.3075,34.0
98279,64.0,1.0,69.83,32.0
99025,64.0,0.0,62.31708333,64.0
98936,64.0,0.0,53.78458647,64.0
98591,63.0,0.0,50.67484663,63.0
98262,62.0,0.0,61.05777778,62.0
98376,62.0,0.0,57.87857143,62.0
98266,61.0,1.0,38.34507042,30.5
98570,61.0,0.0,48.174375,61.0
98237,60.0,1.0,46.44736842,30.0
98631,60.0,9.0,45.86776316,6.0
98953,56.0,2.0,52.1032967,18.666666666666668
98620,56.0,3.0,47.04880546,14.0
99001,52.0,6.0,39.89359606,7.428571428571429
99009,52.0,0.0,47.08853503,52.0
98588,52.0,0.0,50.2078125,52.0
98595,51.0,3.0,45.60238095,12.75
99141,49.0,2.0,44.73800905,16.333333333333332
99349,47.0,0.0,34.74373089,47.0
98635,46.0,0.0,51.64931507,46.0
98325,45.0,1.0,49.878125,22.5
98851,45.0,1.0,41.48255034,22.5
98937,45.0,1.0,58.48860104,22.5
98068,45.0,2.0,,15.0
99122,45.0,3.0,55.54266667,11.25
98651,44.0,0.0,91.47,44.0
98564,44.0,3.0,46.52929293,11.0
98394,42.0,0.0,67.59195402,42.0
98601,42.0,0.0,59.49285714,42.0
98951,41.0,3.0,33.28533835,10.25
98361,40.0,2.0,52.26,13.333333333333334
99357,40.0,0.0,36.34514563,40.0
98828,40.0,0.0,50.96730769,40.0
98240,39.0,0.0,55.574,39.0
98315,39.0,11.0,36.03135135,3.25
98650,39.0,0.0,67.36041667,39.0
98568,39.0,0.0,43.64056604,39.0
98822,38.0,1.0,42.9,19.0
98571,38.0,2.0,,12.666666666666666
98421,37.0,12.0,,2.8461538461538463
98645,37.0,0.0,55.39056604,37.0
98320,36.0,0.0,50.83148148,36.0
99109,36.0,2.0,47.14210526,12.0
98841,35.0,1.0,39.43454545,17.5
98941,33.0,0.0,,33.0
98812,33.0,0.0,42.33801653,33.0
98925,33.0,0.0,,33.0
99036,33.0,0.0,77.94166667,33.0
98948,31.0,4.0,31.4437276,6.2
99161,31.0,1.0,54.2119403,15.5
98351,30.0,0.0,56.62432432,30.0
98295,30.0,0.0,46.88018018,30.0
98241,30.0,1.0,42.5393617,15.0
99169,30.0,8.0,54.53826087,3.3333333333333335
99111,30.0,0.0,56.42380952,30.0
98537,29.0,0.0,46.588,29.0
98304,29.0,4.0,42.26470588,5.8
98844,29.0,2.0,41.15642458,9.666666666666666
98610,28.0,0.0,53.31344538,28.0
99148,28.0,0.0,50.94130435,28.0
98855,28.0,1.0,40.29782609,14.0
99011,27.0,4.0,35.15233645,5.4
98356,27.0,4.0,45.4908046,5.4
98847,27.0,0.0,46.96111111,27.0
98833,26.0,1.0,,13.0
98638,26.0,0.0,47.45384615,26.0
99328,26.0,2.0,48.56883117,8.666666666666666
98331,25.0,8.0,47.27834101,2.7777777777777777
98850,25.0,0.0,36.23802817,25.0
98603,25.0,0.0,61.41818182,25.0
99166,23.0,1.0,50.25508475,11.5
98857,23.0,0.0,49.71325301,23.0
98947,22.0,0.0,41.185,22.0
99326,22.0,2.0,46.96571429,7.333333333333333
98624,22.0,0.0,59.60338983,22.0
98158,21.0,0.0,,21.0
98547,21.0,0.0,40.67884615,21.0
98323,21.0,0.0,52.22258065,21.0
98355,21.0,0.0,47.235,21.0
99115,20.0,2.0,48.3122449,6.666666666666667
98286,20.0,0.0,,20.0
99031,20.0,1.0,59.48983051,10.0
98639,19.0,0.0,,19.0
98555,18.0,0.0,43.87083333,18.0
99323,18.0,2.0,57.46024845,6.0
99360,17.0,0.0,57.87192982,17.0
98542,16.0,0.0,40.252,16.0
98345,16.0,2.0,,5.333333333333333
98585,16.0,0.0,49.659375,16.0
99402,16.0,0.0,71.74938272,16.0
98935,15.0,0.0,35.33846154,15.0
98276,15.0,0.0,46.93103448,15.0
99181,15.0,0.0,42.31111111,15.0
98840,15.0,2.0,44.84719101,5.0
99343,15.0,0.0,49.3,15.0
98617,15.0,0.0,,15.0
98593,15.0,0.0,41.38,15.0
98932,14.0,0.0,31.13349057,14.0
98377,14.0,3.0,40.88194444,3.5
99133,14.0,0.0,48.96617647,14.0
98605,13.0,3.0,51.68769231,3.25
99361,13.0,1.0,58.556,6.5
99170,13.0,2.0,50.39333333,4.333333333333333
98035,13.0,0.0,,13.0
98590,13.0,1.0,48.83684211,6.5
98938,13.0,0.0,43.3825,13.0
99023,12.0,0.0,69.37391304,12.0
99029,12.0,0.0,47.52428571,12.0
98535,12.0,1.0,39.63157895,6.0
98946,12.0,0.0,44.20434783,12.0
98288,12.0,2.0,,4.0
98533,12.0,0.0,43.5,12.0
98220,12.0,0.0,43.66764706,12.0
99110,11.0,0.0,45.42622951,11.0
98357,11.0,3.0,,2.75
99116,11.0,1.0,49.21,5.5
99119,11.0,2.0,51.2375,3.6666666666666665
98846,11.0,2.0,42.41403509,3.6666666666666665
98649,11.0,0.0,57.65208333,11.0
98280,11.0,0.0,,11.0
98858,10.0,0.0,53.03283582,10.0
99126,10.0,0.0,47.06129032,10.0
98586,10.0,2.0,45.54137931,3.3333333333333335
98438,9.0,0.0,28.68653846,9.0
99330,9.0,0.0,43.44852941,9.0
98562,9.0,2.0,,3.0
98814,9.0,0.0,47.87,9.0
99101,9.0,0.0,42.75660377,9.0
99118,9.0,1.0,42.24814815,4.5
99123,8.0,0.0,56.88163265,8.0
98934,8.0,0.0,,8.0
99159,8.0,0.0,51.93934426,8.0
98634,8.0,0.0,,8.0
99167,8.0,0.0,40.98,8.0
98538,8.0,0.0,50.56842105,8.0
99113,8.0,0.0,56.63076923,8.0
99185,8.0,0.0,59.67966102,8.0
98336,8.0,1.0,41.30555556,4.0
98565,8.0,0.0,,8.0
99008,7.0,0.0,51.57777778,7.0
98224,7.0,0.0,,7.0
98381,7.0,0.0,48.6,7.0
98647,7.0,0.0,41.72,7.0
98621,7.0,0.0,,7.0
98923,7.0,0.0,42.51527778,7.0
98644,7.0,1.0,,3.5
98526,7.0,1.0,34.26153846,3.5
99341,7.0,0.0,42.92424242,7.0
98614,7.0,0.0,,7.0
98344,7.0,0.0,,7.0
48092,7.0,0.0,43.29348631,7.0
98832,7.0,0.0,27.23703704,7.0
99158,6.0,0.0,47.76153846,6.0
98845,6.0,0.0,,6.0
98267,6.0,3.0,36.66363636,1.5
98050,6.0,0.0,,6.0
98943,6.0,0.0,,6.0
99173,6.0,0.0,37.66140351,6.0
98385,6.0,1.0,,3.0
98314,6.0,3.0,,1.5
98206,5.0,0.0,,5.0
99322,5.0,0.0,62.64166667,5.0
98830,5.0,0.0,45.22,5.0
99179,5.0,0.0,56.64545455,5.0
99347,5.0,0.0,51.202,5.0
98817,5.0,0.0,,5.0
99130,5.0,0.0,48.88157895,5.0
98575,5.0,1.0,,2.5
98396,5.0,0.0,,5.0
98587,5.0,0.0,,5.0
98582,5.0,2.0,52.38387097,1.6666666666666667
99125,4.0,0.0,44.408,4.0
99040,4.0,0.0,33.91025641,4.0
80908,4.0,0.0,102.4345029,4.0
98643,4.0,0.0,44.60555556,4.0
76544,4.0,0.0,28.42486065,4.0
99030,4.0,0.0,53.80222222,4.0
99180,4.0,0.0,44.82826087,4.0
98243,4.0,0.0,,4.0
99171,4.0,0.0,50.33863636,4.0
99138,4.0,2.0,34.91111111,1.3333333333333333
98124,4.0,2.0,,1.3333333333333333
99139,4.0,0.0,48.81458333,4.0
98813,4.0,0.0,21.92566845,4.0
92109,4.0,0.0,71.19311284,4.0
22152,4.0,0.0,89.5295422,4.0
99147,4.0,0.0,,4.0
22314,4.0,0.0,136.4263299,4.0
98619,4.0,0.0,46.905,4.0
92058,4.0,0.0,40.99497519,4.0
99012,4.0,0.0,49.76923077,4.0
99013,4.0,0.0,40.50882353,4.0
91913,4.0,0.0,68.78229439,4.0
66027,4.0,0.0,60.61111111,4.0
93230,4.0,0.0,49.92211342,4.0
94501,4.0,0.0,75.13086101,4.0
98330,4.0,2.0,33.30714286,1.3333333333333333
23455,4.0,0.0,68.78302286,4.0
98834,4.0,0.0,40.89,4.0
98235,4.0,0.0,,4.0
99348,4.0,0.0,48.57454545,4.0
98527,4.0,0.0,,4.0
98849,3.0,0.0,37.39534884,3.0
98530,3.0,0.0,,3.0
92124,3.0,0.0,76.17875895,3.0
22151,3.0,0.0,74.56082005,3.0
97209,3.0,0.0,91.41207675,3.0
32536,3.0,0.0,52.78302387,3.0
99033,3.0,0.0,45.38378378,3.0
98952,3.0,1.0,34.76056338,1.5
30909,3.0,0.0,52.03697967,3.0
98256,3.0,0.0,,3.0
98819,3.0,0.0,,3.0
22308,3.0,0.0,158.3085284,3.0
99149,3.0,0.0,,3.0
99018,3.0,0.0,44.88181818,3.0
98616,3.0,1.0,66.83636364,1.5
92154,3.0,0.0,40.20389276,3.0
98431,3.0,0.0,,3.0
23707,3.0,0.0,39.2712828,3.0
23323,3.0,0.0,54.19155012,3.0
92630,3.0,0.0,68.00214837,3.0
20774,3.0,0.0,68.17563228,3.0
98641,3.0,0.0,,3.0
20755,3.0,0.0,49.2218845,3.0
78641,3.0,0.0,69.0197031,3.0
8641,3.0,0.0,39.73908046,3.0
98670,3.0,0.0,,3.0
98613,3.0,0.0,51.82222222,3.0
20171,3.0,0.0,120.7741218,3.0
80924,3.0,0.0,96.07749077,3.0
99134,3.0,0.0,50.44230769,3.0
95051,3.0,0.0,95.27654135,3.0
98933,3.0,0.0,45.345,3.0
98572,3.0,0.0,43.48529412,3.0
99117,3.0,0.0,49.78636364,3.0
98326,3.0,0.0,36.35833333,3.0
80111,3.0,0.0,150.4938667,3.0
98297,3.0,0.0,,3.0
78236,2.0,0.0,36.05901639,2.0
78253,2.0,0.0,64.76099518,2.0
99128,2.0,0.0,62.0,2.0
23435,2.0,0.0,73.40718799,2.0
99143,2.0,0.0,55.44230769,2.0
99135,2.0,0.0,55.81818182,2.0
99137,2.0,0.0,38.14,2.0
23322,2.0,0.0,78.71638398,2.0
94044,2.0,0.0,84.75602837,2.0
99155,2.0,0.0,31.38,2.0
22202,2.0,0.0,100.4385911,2.0
85250,2.0,0.0,76.00870044,2.0
11209,2.0,0.0,67.62429462,2.0
85268,2.0,0.0,95.42755682,2.0
98536,2.0,0.0,,2.0
13603,2.0,0.0,32.20271003,2.0
98544,2.0,0.0,,2.0
20003,2.0,0.0,99.65967957,2.0
20110,2.0,0.0,58.38146119,2.0
20601,2.0,0.0,64.15806189,2.0
80921,2.0,0.0,99.2322093,2.0
20619,2.0,0.0,75.45476603,2.0
20878,2.0,0.0,102.7812562,2.0
20882,2.0,0.0,115.3668148,2.0
21009,2.0,0.0,67.420191,2.0
21122,2.0,0.0,71.12902796,2.0
21146,2.0,0.0,117.4755556,2.0
89145,2.0,0.0,100.8076989,2.0
22015,2.0,0.0,91.87294686,2.0
23464,2.0,0.0,53.8006159,2.0
90064,2.0,0.0,181.4023384,2.0
22180,2.0,0.0,118.9456229,2.0
90068,2.0,0.0,114.3880235,2.0
98111,2.0,0.0,,2.0
98581,2.0,0.0,33.27333333,2.0
91911,2.0,0.0,40.03802164,2.0
99124,2.0,0.0,,2.0
98305,2.0,0.0,50.2,2.0
32218,2.0,0.0,42.73761923,2.0
92126,2.0,0.0,61.22551665,2.0
98939,2.0,0.0,,2.0
7029,2.0,0.0,43.00477897,2.0
97034,2.0,0.0,172.3454733,2.0
68123,2.0,0.0,57.9897752,2.0
32835,2.0,0.0,47.64908301,2.0
92310,2.0,0.0,42.50830325,2.0
92503,2.0,0.0,46.88393415,2.0
95747,2.0,0.0,83.05773556,2.0
92585,2.0,0.0,50.68720787,2.0
65049,2.0,0.0,58.34425287,2.0
98921,2.0,0.0,,2.0
92596,2.0,0.0,61.0191974,2.0
63368,2.0,0.0,74.34097464,2.0
32205,2.0,0.0,50.49167873,2.0
92656,2.0,0.0,91.94637317,2.0
62220,2.0,0.0,50.69811321,2.0
36067,2.0,0.0,49.1967978,2.0
94941,2.0,0.0,226.6120245,2.0
60088,2.0,0.0,32.57875648,2.0
60048,2.0,0.0,158.8544006,2.0
92886,2.0,0.0,113.4363063,2.0
98836,2.0,0.0,,2.0
98673,2.0,0.0,,2.0
93041,2.0,0.0,42.77259714,2.0
93420,2.0,0.0,76.10472561,2.0
40121,2.0,0.0,40.54512635,2.0
93505,2.0,0.0,42.6002445,2.0
93955,2.0,0.0,42.71436502,2.0
70634,2.0,0.0,52.80891393,2.0
98628,2.0,0.0,34.22777778,2.0
92057,2.0,0.0,55.12716049,2.0
29461,2.0,0.0,45.84441417,2.0
98416,2.0,0.0,,2.0
98041,2.0,0.0,,2.0
91302,2.0,0.0,236.1206751,2.0
78234,2.0,0.0,43.53896714,2.0
91915,2.0,0.0,74.76129318,2.0
97225,2.0,0.0,95.12907966,2.0
99034,2.0,0.0,44.36153846,2.0
28327,2.0,0.0,52.63879056,2.0
99032,2.0,3.0,42.11935484,0.5
2840,2.0,0.0,62.14577158,2.0
85251,2.0,0.0,71.34727564,2.0
98263,2.0,0.0,,2.0
98950,2.0,0.0,,2.0
92106,2.0,0.0,115.248666,2.0
3042,2.0,0.0,57.9567867,2.0
31909,2.0,0.0,49.09787861,2.0
98283,1.0,2.0,42.08235294,0.3333333333333333
98507,1.0,1.0,,0.5
99131,1.0,0.0,,1.0
98255,1.0,0.0,,1.0
99345,1.0,0.0,,1.0
98411,1.0,0.0,,1.0
99129,1.0,0.0,33.36521739,1.0
99335,1.0,0.0,,1.0
99356,1.0,0.0,43.77,1.0
99121,1.0,0.0,,1.0
98583,1.0,0.0,,1.0
98821,1.0,0.0,,1.0
98811,1.0,0.0,,1.0
99371,1.0,1.0,47.20769231,0.5
99105,1.0,0.0,,1.0
98558,1.0,0.0,,1.0
99150,1.0,0.0,43.35333333,1.0
98560,1.0,0.0,42.675,1.0
99017,1.0,0.0,,1.0
99152,1.0,0.0,,1.0
98493,1.0,0.0,,1.0
98417,1.0,0.0,,1.0
99146,1.0,0.0,,1.0
98278,1.0,1.0,,0.5
99251,1.0,3.0,,0.25
98496,1.0,0.0,,1.0
98853,1.0,0.0,,1.0
99039,1.0,0.0,,1.0
99157,1.0,0.0,42.77666667,1.0
99102,1.0,0.0,,1.0
99103,1.0,0.0,58.85,1.0
98668,1.0,0.0,,1.0
99329,1.0,0.0,60.09166667,1.0
99160,1.0,0.0,,1.0
10009,1.0,1.0,71.49344109,0.5
98231,1.0,0.0,,1.0
33323,1.0,0.0,74.17585878,1.0
32504,1.0,0.0,59.35255009,1.0
32578,1.0,0.0,70.7344473,1.0
32789,1.0,0.0,172.8616611,1.0
32808,1.0,0.0,23.83484368,1.0
32828,1.0,0.0,58.65643341,1.0
32904,1.0,0.0,55.62568065,1.0
32955,1.0,0.0,61.03176471,1.0
33018,1.0,0.0,35.46597492,1.0
33027,1.0,0.0,61.89742287,1.0
33065,1.0,0.0,41.71550781,1.0
33146,1.0,0.0,220.5634888,1.0
33308,1.0,0.0,121.9840025,1.0
33401,1.0,0.0,105.6087869,1.0
65571,1.0,0.0,32.83670886,1.0
33496,1.0,0.0,264.2348273,1.0
33544,1.0,0.0,65.76717124,1.0
33608,1.0,0.0,,1.0
33610,1.0,0.0,27.04792833,1.0
33611,1.0,0.0,75.86454131,1.0
33619,1.0,0.0,31.94514851,1.0
33647,1.0,0.0,85.55380117,1.0
34203,1.0,0.0,47.0166879,1.0
34242,1.0,0.0,249.0434673,1.0
34606,1.0,0.0,37.99199648,1.0
34747,1.0,0.0,74.28672377,1.0
34984,1.0,0.0,51.36346154,1.0
32266,1.0,0.0,77.43875969,1.0
32259,1.0,0.0,95.47968504,1.0
32258,1.0,0.0,65.28717222,1.0
32256,1.0,0.0,69.86303134,1.0
2886,1.0,0.0,62.37708609,1.0
2909,1.0,0.0,27.17438238,1.0
29172,1.0,0.0,37.67286064,1.0
29206,1.0,0.0,86.49727372,1.0
29410,1.0,0.0,49.91985731,1.0
29420,1.0,0.0,48.38254122,1.0
29483,1.0,0.0,48.80992272,1.0
29544,1.0,0.0,38.19402985,1.0
29909,1.0,0.0,86.63052632,1.0
30041,1.0,0.0,98.23639576,1.0
30096,1.0,0.0,47.3445635,1.0
30316,1.0,0.0,48.02931143,1.0
30809,1.0,0.0,82.34719455,1.0
30813,1.0,0.0,52.25274289,1.0
31098,1.0,0.0,37.56666667,1.0
31316,1.0,0.0,38.65789474,1.0
31558,1.0,0.0,49.48273381,1.0
31907,1.0,0.0,33.24461655,1.0
32065,1.0,0.0,53.06169052,1.0
32068,1.0,0.0,47.24510942,1.0
32081,1.0,0.0,108.4913924,1.0
32207,1.0,0.0,63.41753086,1.0
32210,1.0,0.0,48.97333333,1.0
32233,1.0,0.0,67.61263158,1.0
32250,1.0,0.0,79.40912095,1.0
35007,1.0,0.0,53.68707256,1.0
35022,1.0,0.0,54.40769231,1.0
35758,1.0,0.0,84.29753695,1.0
53213,1.0,0.0,75.02661765,1.0
53593,1.0,0.0,107.6694622,1.0
54660,1.0,0.0,47.09427083,1.0
55401,1.0,0.0,111.9003442,1.0
55414,1.0,0.0,55.10072029,1.0
57717,1.0,0.0,44.98759894,1.0
60016,1.0,0.0,51.76800252,1.0
60047,1.0,0.0,147.4926441,1.0
60077,1.0,0.0,60.23844461,1.0
60089,1.0,0.0,89.55604244,1.0
6010,1.0,0.0,54.54367131,1.0
60107,1.0,0.0,53.3503809,1.0
60134,1.0,0.0,107.775811,1.0
60532,1.0,0.0,81.24975945,1.0
60611,1.0,0.0,340.9029137,1.0
60616,1.0,0.0,53.88031826,1.0
60659,1.0,0.0,44.88494562,1.0
62225,1.0,0.0,48.86734694,1.0
62281,1.0,0.0,74.00847458,1.0
63021,1.0,0.0,80.23028144,1.0
63139,1.0,0.0,46.69404666,1.0
6335,1.0,0.0,72.71575758,1.0
6360,1.0,0.0,45.12169972,1.0
6371,1.0,0.0,127.4186,1.0
64118,1.0,0.0,45.95701537,1.0
64152,1.0,0.0,98.53896714,1.0
53217,1.0,0.0,154.7429348,1.0
52639,1.0,0.0,44.04157303,1.0
36113,1.0,0.0,58.75151515,1.0
51040,1.0,0.0,52.40382166,1.0
36303,1.0,0.0,51.4555724,1.0
36362,1.0,0.0,43.56571429,1.0
37027,1.0,0.0,159.2730769,1.0
37207,1.0,0.0,29.72912676,1.0
38002,1.0,0.0,76.55423536,1.0
3804,1.0,0.0,,1.0
38105,1.0,0.0,23.88871595,1.0
38119,1.0,0.0,78.31401709,1.0
39532,1.0,0.0,49.27615635,1.0
40026,1.0,0.0,108.4350394,1.0
40162,1.0,0.0,51.45884615,1.0
40207,1.0,0.0,100.4547486,1.0
40214,1.0,0.0,37.22038391,1.0
40503,1.0,0.0,55.28532934,1.0
4062,1.0,0.0,56.61976608,1.0
44103,1.0,0.0,24.63,1.0
4412,1.0,0.0,53.66694915,1.0
44256,1.0,0.0,70.87607518,1.0
45243,1.0,0.0,230.2514877,1.0
45434,1.0,0.0,86.79557377,1.0
45458,1.0,0.0,91.5481203,1.0
46240,1.0,0.0,91.48046595,1.0
46802,1.0,0.0,33.78907363,1.0
46818,1.0,0.0,50.19162946,1.0
48103,1.0,0.0,89.97493569,1.0
28804,1.0,0.0,75.81775326,1.0
2871,1.0,0.0,83.53511706,1.0
28540,1.0,0.0,41.6561624,1.0
20603,1.0,0.0,72.90327983,1.0
20715,1.0,0.0,73.71227134,1.0
20723,1.0,0.0,80.73141914,1.0
20736,1.0,0.0,90.49318182,1.0
20744,1.0,0.0,62.26611483,1.0
20772,1.0,0.0,73.43778761,1.0
20814,1.0,0.0,165.9845461,1.0
20874,1.0,0.0,66.71500504,1.0
21005,1.0,0.0,64.1,1.0
21010,1.0,0.0,,1.0
21012,1.0,0.0,108.4113402,1.0
21037,1.0,0.0,94.59614299,1.0
21042,1.0,0.0,135.9305085,1.0
21076,1.0,0.0,80.86388889,1.0
21078,1.0,0.0,68.01858407,1.0
21114,1.0,0.0,84.59864757,1.0
21157,1.0,0.0,64.87337444,1.0
21224,1.0,0.0,45.52147651,1.0
2136,1.0,0.0,45.70352073,1.0
21401,1.0,0.0,93.46765692,1.0
21409,1.0,0.0,101.6008105,1.0
21701,1.0,0.0,68.67945652,1.0
21702,1.0,0.0,65.49021898,1.0
21769,1.0,0.0,90.89035714,1.0
22003,1.0,0.0,77.5943734,1.0
22026,1.0,0.0,55.89757412,1.0
20653,1.0,0.0,60.10834132,1.0
20602,1.0,0.0,54.48487461,1.0
22046,1.0,0.0,127.2988984,1.0
20169,1.0,0.0,124.2369822,1.0
10029,1.0,0.0,49.97623907,1.0
1030,1.0,0.0,58.40427632,1.0
10996,1.0,0.0,62.9544,1.0
11021,1.0,0.0,160.1651238,1.0
11746,1.0,0.0,92.25788369,1.0
12833,1.0,0.0,66.69147982,1.0
12866,1.0,0.0,166.753838,1.0
13090,1.0,0.0,58.39072633,1.0
13602,1.0,0.0,,1.0
14092,1.0,0.0,72.46003521,1.0
15071,1.0,0.0,67.36393443,1.0
15074,1.0,0.0,41.71845494,1.0
15203,1.0,0.0,55.83188976,1.0
15222,1.0,0.0,145.3610294,1.0
16828,1.0,0.0,57.21834862,1.0
17268,1.0,0.0,49.44869376,1.0
1803,1.0,0.0,84.27591015,1.0
18940,1.0,0.0,155.1360571,1.0
19053,1.0,0.0,65.67188612,1.0
20001,1.0,0.0,70.8724571,1.0
20015,1.0,0.0,192.2611825,1.0
20112,1.0,0.0,99.56835341,1.0
20148,1.0,0.0,141.4414348,1.0
20152,1.0,0.0,120.965712,1.0
20166,1.0,0.0,77.03529412,1.0
22041,1.0,0.0,64.05796325,1.0
22060,1.0,0.0,65.22492754,1.0
2842,1.0,0.0,63.85955189,1.0
23502,1.0,0.0,40.86653226,1.0
23518,1.0,0.0,47.27082759,1.0
23661,1.0,0.0,40.64196018,1.0
23690,1.0,0.0,47.4292517,1.0
23691,1.0,0.0,24.04444444,1.0
23831,1.0,0.0,57.79421146,1.0
23836,1.0,0.0,72.7985124,1.0
23875,1.0,0.0,53.0302583,1.0
2453,1.0,0.0,59.11142256,1.0
2467,1.0,0.0,299.2734908,1.0
2468,1.0,0.0,277.9319703,1.0
2631,1.0,0.0,65.68320463,1.0
27332,1.0,0.0,47.49057377,1.0
27519,1.0,0.0,113.5290338,1.0
27540,1.0,0.0,82.23347826,1.0
27863,1.0,0.0,44.68082192,1.0
27958,1.0,0.0,59.56448802,1.0
2827,1.0,0.0,64.3920354,1.0
28303,1.0,0.0,50.12487491,1.0
28306,1.0,0.0,47.6228555,1.0
28307,1.0,0.0,36.4919708,1.0
28315,1.0,0.0,41.16578947,1.0
28323,1.0,0.0,45.04645161,1.0
28357,1.0,0.0,35.09098361,1.0
28376,1.0,0.0,41.08994482,1.0
28394,1.0,0.0,56.87863636,1.0
23503,1.0,0.0,40.47758856,1.0
23462,1.0,0.0,43.85004812,1.0
22079,1.0,0.0,84.94265372,1.0
23456,1.0,0.0,73.23261477,1.0
22101,1.0,0.0,309.0959273,1.0
22153,1.0,0.0,95.22764823,1.0
22193,1.0,0.0,61.37316207,1.0
22203,1.0,0.0,89.01251944,1.0
22301,1.0,0.0,140.69584,1.0
22303,1.0,0.0,69.18385965,1.0
22304,1.0,0.0,77.53552941,1.0
22305,1.0,0.0,75.75006105,1.0
22309,1.0,0.0,72.04857313,1.0
22311,1.0,0.0,59.98346535,1.0
22312,1.0,0.0,63.92665824,1.0
22405,1.0,0.0,71.60936599,1.0
22554,1.0,0.0,77.85183181,1.0
22556,1.0,0.0,75.65721352,1.0
22801,1.0,0.0,54.11382353,1.0
22901,1.0,0.0,89.91036514,1.0
22923,1.0,0.0,62.56294821,1.0
23168,1.0,0.0,71.21878453,1.0
23185,1.0,0.0,82.57581852,1.0
23238,1.0,0.0,98.82659409,1.0
23320,1.0,0.0,58.44080815,1.0
23321,1.0,0.0,61.95948068,1.0
23434,1.0,0.0,50.27801318,1.0
23452,1.0,0.0,59.18497942,1.0
23453,1.0,0.0,46.78274416,1.0
65473,1.0,0.0,36.03284133,1.0
64093,1.0,0.0,47.41412104,1.0
65583,1.0,0.0,46.92037383,1.0
93950,1.0,0.0,73.06511628,1.0
92646,1.0,0.0,82.58170122,1.0
92648,1.0,0.0,108.6019122,1.0
92677,1.0,0.0,113.0035065,1.0
92679,1.0,0.0,171.763354,1.0
92694,1.0,0.0,148.7057203,1.0
92782,1.0,0.0,117.2271392,1.0
92801,1.0,0.0,36.58342562,1.0
92844,1.0,0.0,35.65411765,1.0
93012,1.0,0.0,97.86345209,1.0
93523,1.0,0.0,56.79043478,1.0
93933,1.0,0.0,47.18605341,1.0
93940,1.0,0.0,85.0647017,1.0
94040,1.0,0.0,144.4768107,1.0
91016,1.0,0.0,63.48661044,1.0
94041,1.0,0.0,149.7234899,1.0
94043,1.0,0.0,123.0078052,1.0
94063,1.0,0.0,53.72903673,1.0
94066,1.0,0.0,72.54337778,1.0
94087,1.0,0.0,142.6772872,1.0
94089,1.0,0.0,80.58850788,1.0
94115,1.0,0.0,182.6021108,1.0
94131,1.0,0.0,142.0111746,1.0
94132,1.0,0.0,70.26979247,1.0
94159,1.0,0.0,,1.0
94303,1.0,0.0,130.6941288,1.0
94510,1.0,0.0,87.30650759,1.0
92629,1.0,0.0,106.624679,1.0
92614,1.0,0.0,104.0409765,1.0
92595,1.0,0.0,51.27925094,1.0
92591,1.0,0.0,63.27112299,1.0
91360,1.0,0.0,80.04778107,1.0
92020,1.0,0.0,50.50272727,1.0
66043,1.0,0.0,60.40311751,1.0
92028,1.0,0.0,63.86453831,1.0
92037,1.0,0.0,222.0804905,1.0
92040,1.0,0.0,56.75963824,1.0
92056,1.0,0.0,57.64133229,1.0
92065,1.0,0.0,69.23770795,1.0
92078,1.0,0.0,78.30256281,1.0
92102,1.0,0.0,35.09659508,1.0
92105,1.0,0.0,29.43536542,1.0
92107,1.0,0.0,72.38657807,1.0
92110,1.0,0.0,63.44095912,1.0
92118,1.0,0.0,113.2040994,1.0
92119,1.0,0.0,69.91794425,1.0
92178,1.0,0.0,,1.0
92225,1.0,0.0,41.6406308,1.0
92234,1.0,0.0,38.45417066,1.0
92241,1.0,0.0,33.00281124,1.0
92262,1.0,0.0,57.8226087,1.0
92311,1.0,0.0,40.06405975,1.0
92342,1.0,0.0,57.69962406,1.0
92557,1.0,0.0,44.31567235,1.0
92562,1.0,0.0,69.73561221,1.0
92563,1.0,0.0,60.35429385,1.0
94560,1.0,0.0,65.32605769,1.0
94565,1.0,0.0,46.07951496,1.0
94568,1.0,0.0,113.5580631,1.0
96929,1.0,0.0,,1.0
97024,1.0,0.0,49.34810127,1.0
97042,1.0,0.0,63.80984848,1.0
97060,1.0,0.0,50.47686567,1.0
97080,1.0,0.0,56.22730228,1.0
97089,1.0,0.0,71.93962963,1.0
97123,1.0,0.0,58.5173399,1.0
97138,1.0,0.0,45.99589633,1.0
97202,1.0,0.0,65.77229564,1.0
97208,1.0,0.0,,1.0
97213,1.0,0.0,61.09641735,1.0
97220,1.0,0.0,40.18619154,1.0
97229,1.0,0.0,118.3684652,1.0
97230,1.0,0.0,44.1894198,1.0
97239,1.0,0.0,111.2180442,1.0
97267,1.0,0.0,56.38509615,1.0
97304,1.0,0.0,64.07046632,1.0
97330,1.0,0.0,64.74239816,1.0
97702,1.0,0.0,63.6653944,1.0
97862,1.0,0.0,39.44672686,1.0
10025,1.0,0.0,130.9926623,1.0
98064,1.0,0.0,,1.0
98127,1.0,0.0,,1.0
98160,1.0,0.0,,1.0
98164,1.0,13.0,201.4090909,0.07142857142857142
98195,1.0,5.0,,0.16666666666666666
97015,1.0,0.0,56.43317669,1.0
96779,1.0,0.0,69.66502463,1.0
94590,1.0,0.0,40.59032258,1.0
96753,1.0,0.0,57.47347418,1.0
94596,1.0,0.0,126.4021071,1.0
94611,1.0,0.0,161.7445098,1.0
94707,1.0,0.0,158.6429204,1.0
94939,1.0,0.0,195.9321429,1.0
94947,1.0,0.0,89.4370339,1.0
95008,1.0,0.0,97.91330435,1.0
95014,1.0,0.0,177.1722266,1.0
95070,1.0,0.0,272.949193,1.0
95112,1.0,0.0,54.69847393,1.0
95117,1.0,0.0,68.68067597,1.0
95131,1.0,0.0,85.99045584,1.0
95133,1.0,0.0,62.43972268,1.0
95134,1.0,0.0,110.0271556,1.0
95138,1.0,0.0,165.7545564,1.0
95330,1.0,0.0,49.97808383,1.0
95382,1.0,0.0,60.61779603,1.0
95391,1.0,0.0,91.07775551,1.0
95446,1.0,0.0,48.0508547,1.0
95661,1.0,0.0,77.90465444,1.0
95670,1.0,0.0,55.1495645,1.0
95687,1.0,0.0,60.52762917,1.0
95688,1.0,0.0,73.81281422,1.0
95757,1.0,0.0,72.9715038,1.0
95833,1.0,0.0,46.31958702,1.0
95903,1.0,0.0,34.56790123,1.0
91307,1.0,0.0,96.76672459,1.0
92027,1.0,0.0,49.627719,1.0
91006,1.0,0.0,102.5900208,1.0
78046,1.0,0.0,27.39696725,1.0
78222,1.0,0.0,38.29844617,1.0
78244,1.0,0.0,38.84127325,1.0
78413,1.0,0.0,63.39194013,1.0
78634,1.0,0.0,54.04145161,1.0
78704,1.0,0.0,75.286953,1.0
78717,1.0,0.0,94.1005668,1.0
7874,1.0,0.0,67.28115632,1.0
79908,1.0,0.0,43.86341463,1.0
79912,1.0,0.0,66.8728465,1.0
79934,1.0,0.0,48.10306122,1.0
79938,1.0,0.0,41.44212877,1.0
80104,1.0,0.0,79.91718412,1.0
80125,1.0,0.0,103.7900634,1.0
80132,1.0,0.0,97.61095101,1.0
80206,1.0,0.0,136.5439146,1.0
80209,1.0,0.0,141.8822072,1.0
80504,1.0,0.0,74.17868132,1.0
80547,1.0,0.0,140.7970297,1.0
80550,1.0,0.0,85.58206474,1.0
80902,1.0,0.0,32.06569767,1.0
80913,1.0,0.0,,1.0
80917,1.0,0.0,44.93089489,1.0
80920,1.0,0.0,74.08961494,1.0
90720,1.0,0.0,97.89797794,1.0
82001,1.0,0.0,49.17288136,1.0
78109,1.0,0.0,43.28649635,1.0
77573,1.0,0.0,87.75293113,1.0
8234,1.0,0.0,55.57935572,1.0
77521,1.0,0.0,56.88207993,1.0
66502,1.0,0.0,47.07577566,1.0
68022,1.0,0.0,114.5297619,1.0
68046,1.0,0.0,73.0840981,1.0
6830,1.0,0.0,621.6597738,1.0
70056,1.0,0.0,47.18191244,1.0
7042,1.0,0.0,132.1318631,1.0
70586,1.0,0.0,46.58353254,1.0
71115,1.0,0.0,78.34561151,1.0
72712,1.0,0.0,183.6640153,1.0
72714,1.0,0.0,68.14631957,1.0
73064,1.0,0.0,66.67253177,1.0
73071,1.0,0.0,48.8847539,1.0
75006,1.0,0.0,48.39471441,1.0
75024,1.0,0.0,119.030324,1.0
75165,1.0,0.0,52.48465942,1.0
75208,1.0,0.0,54.68291971,1.0
75407,1.0,0.0,45.5978979,1.0
76092,1.0,0.0,254.1138867,1.0
76504,1.0,0.0,35.08637275,1.0
76513,1.0,0.0,59.22956746,1.0
76549,1.0,0.0,37.65044019,1.0
76906,1.0,0.0,,1.0
77002,1.0,0.0,411.2546798,1.0
77057,1.0,0.0,120.7099543,1.0
77441,1.0,0.0,172.6349794,1.0
82009,1.0,0.0,75.42302071,1.0
80927,1.0,0.0,71.21463415,1.0
83202,1.0,0.0,45.50146341,1.0
87120,1.0,0.0,56.11338235,1.0
83353,1.0,0.0,,1.0
88330,1.0,0.0,34.94932432,1.0
89012,1.0,0.0,93.42867746,1.0
89032,1.0,0.0,38.14810924,1.0
89060,1.0,0.0,43.00567568,1.0
89084,1.0,0.0,60.38272059,1.0
89085,1.0,0.0,65.796,1.0
89113,1.0,0.0,72.7226209,1.0
89119,1.0,0.0,35.01939252,1.0
89129,1.0,0.0,60.622875,1.0
89130,1.0,0.0,53.59653595,1.0
89144,1.0,0.0,117.8925,1.0
89146,1.0,0.0,47.36514477,1.0
89148,1.0,0.0,59.6788252,1.0
89406,1.0,0.0,47.87254306,1.0
89441,1.0,0.0,70.94085028,1.0
89449,1.0,0.0,,1.0
89502,1.0,0.0,36.55462428,1.0
90005,1.0,0.0,45.82112767,1.0
90232,1.0,0.0,78.4563981,1.0
90242,1.0,0.0,43.15875339,1.0
90250,1.0,0.0,40.80106257,1.0
90504,1.0,0.0,60.66023284,1.0
90620,1.0,0.0,54.28773804,1.0
90717,1.0,0.0,55.09803729,1.0
88011,1.0,0.0,65.46236392,1.0
99517,1.0,0.0,71.62195122,1.0
85750,1.0,0.0,114.3941126,1.0
85255,1.0,0.0,190.9016199,1.0
83642,1.0,0.0,63.5158202,1.0
83702,1.0,0.0,96.82684932,1.0
83814,1.0,0.0,55.22463768,1.0
83854,1.0,0.0,47.45084643,1.0
84118,1.0,0.0,37.83994236,1.0
84790,1.0,0.0,63.18096774,1.0
85016,1.0,0.0,81.84773379,1.0
85053,1.0,0.0,41.55179526,1.0
85138,1.0,0.0,53.46239113,1.0
85254,1.0,0.0,94.8059034,1.0
85119,1.0,0.0,47.60256082,1.0
85339,1.0,0.0,48.02907887,1.0
85364,1.0,0.0,42.11288921,1.0
85379,1.0,0.0,54.44795107,1.0
85396,1.0,0.0,74.9364532,1.0
85613,1.0,0.0,38.43623188,1.0
85629,1.0,0.0,59.84113614,1.0
85263,1.0,0.0,137.152381,1.0
85648,1.0,0.0,41.85828877,1.0
98824,0.0,1.0,,0.0
98430,0.0,6.0,,0.0
99258,0.0,6.0,,0.0
99164,0.0,2.0,,0.0
98207,0.0,4.0,,0.0
98154,0.0,2.0,,0.0
99260,0.0,1.0,,0.0
98114,0.0,4.0,,0.0
98397,0.0,1.0,,0.0
98852,0.0,1.0,,0.0
99153,0.0,1.0,44.01052632,0.0
98505,0.0,1.0,,0.0
98447,0.0,3.0,,0.0
99252,0.0,1.0,,0.0
9919,0.0,1.0,,0.0
98511,0.0,1.0,,0.0
